Time	Open	High	Low	Close	Volume
2024-01-24 22:00:00	1.08925	1.08932	1.08813	1.08883	10228	3
2024-01-24 23:00:00	1.08882	1.08905	1.08791	1.088	12666	2
2024-01-25 00:00:00	1.08799	1.08852	1.08776	1.08844	3377	2
2024-01-25 01:00:00	1.08843	1.08861	1.08811	1.08851	4116	23
2024-01-25 02:00:00	1.08851	1.08861	1.0881	1.0881	1842	7
2024-01-25 03:00:00	1.08811	1.08812	1.08722	1.08742	7444	3
2024-01-25 04:00:00	1.08742	1.08786	1.08702	1.08775	10263	2
2024-01-25 05:00:00	1.08777	1.08798	1.08749	1.08772	5799	2
2024-01-25 06:00:00	1.08772	1.08818	1.08772	1.08778	4193	3
2024-01-25 07:00:00	1.08777	1.08812	1.08744	1.08754	3760	3
2024-01-25 08:00:00	1.08754	1.08788	1.08748	1.08781	3633	4
2024-01-25 09:00:00	1.08781	1.08865	1.08757	1.0886	4765	4
2024-01-25 10:00:00	1.0886	1.08913	1.0884	1.08878	8387	3
2024-01-25 11:00:00	1.08877	1.08996	1.08828	1.08988	14825	2
2024-01-25 12:00:00	1.08988	1.08996	1.08917	1.08959	18070	4
2024-01-25 13:00:00	1.08958	1.08987	1.08919	1.08929	11418	2
2024-01-25 14:00:00	1.0893	1.08951	1.08866	1.08948	8649	3
2024-01-25 15:00:00	1.08949	1.08956	1.08856	1.08881	8486	3
2024-01-25 16:00:00	1.08882	1.09018	1.08668	1.08792	61564	2
2024-01-25 17:00:00	1.08792	1.08792	1.0853	1.086	55388	3
2024-01-25 18:00:00	1.086	1.08613	1.08293	1.08317	44695	3
2024-01-25 19:00:00	1.08316	1.08396	1.08242	1.08362	20720	2
2024-01-25 20:00:00	1.08363	1.08519	1.08312	1.08375	19418	2
2024-01-25 21:00:00	1.08375	1.08467	1.083	1.08301	20334	3
2024-01-25 22:00:00	1.08301	1.08376	1.08216	1.08359	15917	2
2024-01-25 23:00:00	1.08358	1.08404	1.08334	1.08397	7657	2
2024-01-26 00:00:00	1.08398	1.08479	1.0839	1.0846	3296	2
2024-01-26 01:00:00	1.08449	1.08477	1.08436	1.08464	2953	25
2024-01-26 02:00:00	1.08462	1.08475	1.08426	1.08454	2440	9
2024-01-26 03:00:00	1.08455	1.08459	1.08373	1.08398	7590	2
2024-01-26 04:00:00	1.08399	1.08466	1.08391	1.08443	8271	3
2024-01-26 05:00:00	1.08444	1.08488	1.08438	1.08441	6066	3
2024-01-26 06:00:00	1.08441	1.08475	1.0844	1.08449	3613	2
2024-01-26 07:00:00	1.08449	1.08449	1.08379	1.08395	4012	3
2024-01-26 08:00:00	1.08395	1.08437	1.08383	1.08424	6383	3
2024-01-26 09:00:00	1.08423	1.08427	1.08285	1.08293	8515	3
2024-01-26 10:00:00	1.08292	1.08303	1.08128	1.08194	19951	3
2024-01-26 11:00:00	1.08193	1.08421	1.08173	1.08402	20878	3
2024-01-26 12:00:00	1.08403	1.08505	1.08341	1.08441	21918	3
2024-01-26 13:00:00	1.08443	1.08662	1.08442	1.08647	12243	2
2024-01-26 14:00:00	1.08648	1.08761	1.08642	1.08745	17737	3
2024-01-26 15:00:00	1.08745	1.08757	1.08656	1.08673	13206	2
2024-01-26 16:00:00	1.08674	1.08854	1.08563	1.08719	36270	2
2024-01-26 17:00:00	1.08718	1.08802	1.08609	1.08739	28876	3
2024-01-26 18:00:00	1.08739	1.08739	1.0855	1.08641	24608	3
2024-01-26 19:00:00	1.0864	1.08694	1.08589	1.08649	12964	2
2024-01-26 20:00:00	1.08649	1.08704	1.08591	1.08636	10375	2
2024-01-26 21:00:00	1.08636	1.08658	1.08537	1.08556	8819	3
2024-01-26 22:00:00	1.08556	1.08616	1.08552	1.08581	7393	2
2024-01-26 23:00:00	1.08582	1.08622	1.08532	1.08545	4388	2
2024-01-29 01:00:00	1.08468	1.08484	1.08414	1.08451	5519	31
2024-01-29 02:00:00	1.08451	1.0849	1.08418	1.08422	5996	11
2024-01-29 03:00:00	1.08423	1.0845	1.08413	1.08448	5359	3
2024-01-29 04:00:00	1.08448	1.08489	1.08433	1.08439	7254	2
2024-01-29 05:00:00	1.08439	1.08451	1.08393	1.08435	4616	3
2024-01-29 06:00:00	1.08435	1.08466	1.08424	1.08451	3531	3
2024-01-29 07:00:00	1.08452	1.08476	1.08437	1.08448	2864	2
2024-01-29 08:00:00	1.08446	1.08449	1.08395	1.08399	3943	2
2024-01-29 09:00:00	1.084	1.08472	1.08392	1.08465	5589	3
2024-01-29 10:00:00	1.08464	1.085	1.08349	1.08371	12178	2
2024-01-29 11:00:00	1.0837	1.08418	1.08331	1.08346	13255	3
2024-01-29 12:00:00	1.08345	1.08356	1.08231	1.08251	14878	2
2024-01-29 13:00:00	1.08248	1.08253	1.08139	1.08189	11274	3
2024-01-29 14:00:00	1.0819	1.0827	1.08163	1.08228	9293	3
2024-01-29 15:00:00	1.08228	1.08368	1.08203	1.08219	12913	3
2024-01-29 16:00:00	1.0822	1.08243	1.08138	1.08203	15104	2
2024-01-29 17:00:00	1.08201	1.08226	1.08042	1.0807	16873	3
2024-01-29 18:00:00	1.08068	1.08106	1.07962	1.07972	18118	3
2024-01-29 19:00:00	1.07974	1.08087	1.07958	1.08059	12034	2
2024-01-29 20:00:00	1.08058	1.0816	1.08055	1.08116	8774	2
2024-01-29 21:00:00	1.08117	1.08131	1.08092	1.08114	8220	2
2024-01-29 22:00:00	1.08114	1.08199	1.08099	1.08189	5473	2
2024-01-29 23:00:00	1.08189	1.08404	1.08189	1.08311	18332	3
2024-01-30 00:00:00	1.08311	1.08348	1.08267	1.08323	3899	3
2024-01-30 01:00:00	1.08307	1.08336	1.08299	1.08325	4042	49
2024-01-30 02:00:00	1.08325	1.08368	1.08325	1.08336	3411	11
2024-01-30 03:00:00	1.08336	1.08422	1.08336	1.08408	7783	2
2024-01-30 04:00:00	1.08407	1.08407	1.08324	1.08349	8991	2
2024-01-30 05:00:00	1.08348	1.0836	1.08299	1.0834	7210	3
2024-01-30 06:00:00	1.08339	1.08344	1.08302	1.08305	3576	2
2024-01-30 07:00:00	1.08307	1.08335	1.08241	1.08253	5613	3
2024-01-30 08:00:00	1.08251	1.0829	1.08218	1.08224	6572	2
2024-01-30 09:00:00	1.08225	1.08259	1.08139	1.0815	11699	2
2024-01-30 10:00:00	1.08149	1.08242	1.08119	1.08227	11678	3
2024-01-30 11:00:00	1.08228	1.08321	1.08162	1.08219	24801	3
2024-01-30 12:00:00	1.08219	1.08293	1.08177	1.08269	12087	4
2024-01-30 13:00:00	1.08268	1.08404	1.0823	1.08382	13242	3
2024-01-30 14:00:00	1.08385	1.08481	1.08371	1.08419	9587	2
2024-01-30 15:00:00	1.08418	1.08499	1.08366	1.08476	11143	2
2024-01-30 16:00:00	1.08476	1.08485	1.0834	1.08345	26620	2
2024-01-30 17:00:00	1.08345	1.08573	1.08296	1.08501	25178	3
2024-01-30 18:00:00	1.085	1.08562	1.08281	1.08369	40760	6
2024-01-30 19:00:00	1.08368	1.08441	1.08343	1.0843	17811	2
2024-01-30 20:00:00	1.0843	1.08471	1.08367	1.08388	11267	2
2024-01-30 21:00:00	1.08388	1.08388	1.08315	1.08358	8581	3
2024-01-30 22:00:00	1.08357	1.08471	1.08356	1.08459	5724	3
2024-01-30 23:00:00	1.0846	1.08485	1.08408	1.08446	6858	3
2024-01-31 00:00:00	1.08447	1.0847	1.08425	1.08447	3872	2
2024-01-31 01:00:00	1.08446	1.0845	1.08399	1.08431	6595	20
2024-01-31 02:00:00	1.08432	1.08448	1.08426	1.08428	2009	7
2024-01-31 03:00:00	1.08429	1.08481	1.08411	1.08428	6661	3
2024-01-31 04:00:00	1.08426	1.08436	1.08313	1.08313	10919	2
2024-01-31 05:00:00	1.08313	1.08313	1.08162	1.0818	13810	2
2024-01-31 06:00:00	1.0818	1.08187	1.08159	1.08186	4410	3
2024-01-31 07:00:00	1.08185	1.08222	1.08181	1.08205	4140	3
2024-01-31 08:00:00	1.08203	1.08219	1.08175	1.08204	4554	2
2024-01-31 09:00:00	1.08204	1.0822	1.0815	1.08155	4337	3
2024-01-31 10:00:00	1.08155	1.08214	1.0806	1.0816	14938	3
2024-01-31 11:00:00	1.08159	1.0826	1.08092	1.08189	18368	3
2024-01-31 12:00:00	1.0819	1.08367	1.08162	1.08221	27972	3
2024-01-31 13:00:00	1.08222	1.08315	1.08213	1.08253	11879	3
2024-01-31 14:00:00	1.08256	1.08404	1.08254	1.08389	8611	3
2024-01-31 15:00:00	1.0839	1.08429	1.08335	1.08366	12665	3
2024-01-31 16:00:00	1.08366	1.08628	1.08344	1.08575	39492	3
2024-01-31 17:00:00	1.08575	1.08865	1.08522	1.08799	37240	2
2024-01-31 18:00:00	1.088	1.08874	1.0854	1.08613	38530	2
2024-01-31 19:00:00	1.08611	1.08678	1.08448	1.08544	26991	2
2024-01-31 20:00:00	1.08543	1.08544	1.08418	1.08495	15831	2
2024-01-31 21:00:00	1.08493	1.08524	1.08437	1.08458	13681	2
2024-01-31 22:00:00	1.08454	1.08642	1.08157	1.08403	69188	7
2024-01-31 23:00:00	1.08402	1.08417	1.07949	1.08077	47515	3
2024-02-01 00:00:00	1.08077	1.08194	1.08054	1.0818	6832	3
2024-02-01 01:00:00	1.0818	1.08203	1.08084	1.08137	2452	24
2024-02-01 02:00:00	1.08136	1.08169	1.0803	1.08039	3627	12
2024-02-01 03:00:00	1.08039	1.08144	1.08016	1.08081	10589	3
2024-02-01 04:00:00	1.08082	1.08124	1.08045	1.08089	11033	3
2024-02-01 05:00:00	1.08088	1.08217	1.08084	1.08192	8308	3
2024-02-01 06:00:00	1.08191	1.08207	1.08109	1.08116	5522	2
2024-02-01 07:00:00	1.08117	1.08135	1.08052	1.08076	5292	2
2024-02-01 08:00:00	1.08076	1.08076	1.08026	1.08027	7565	3
2024-02-01 09:00:00	1.08026	1.0805	1.07938	1.0796	8475	2
2024-02-01 10:00:00	1.07958	1.07972	1.07838	1.07932	16575	2
2024-02-01 11:00:00	1.07932	1.07939	1.07799	1.07916	25450	3
2024-02-01 12:00:00	1.07916	1.08016	1.07866	1.07983	19384	3
2024-02-01 13:00:00	1.07989	1.08027	1.07914	1.07931	15611	4
2024-02-01 14:00:00	1.07931	1.08132	1.07926	1.08083	13618	3
2024-02-01 15:00:00	1.08084	1.08199	1.08056	1.08151	23418	3
2024-02-01 16:00:00	1.0815	1.08272	1.08087	1.08138	35066	2
2024-02-01 17:00:00	1.08137	1.08298	1.08115	1.08265	36124	3
2024-02-01 18:00:00	1.08265	1.08318	1.08058	1.08264	58168	4
2024-02-01 19:00:00	1.08263	1.08658	1.08263	1.08645	39490	2
2024-02-01 20:00:00	1.08645	1.08747	1.08607	1.08727	23849	2
2024-02-01 21:00:00	1.08727	1.08732	1.08629	1.08698	20190	2
2024-02-01 22:00:00	1.08698	1.08748	1.08678	1.08718	14393	2
2024-02-01 23:00:00	1.08719	1.08748	1.08681	1.08716	8132	3
2024-02-02 00:00:00	1.08715	1.08732	1.08681	1.08712	4313	2
2024-02-02 01:00:00	1.08712	1.08735	1.08668	1.08726	6956	26
2024-02-02 02:00:00	1.08726	1.08761	1.08722	1.08742	2660	7
2024-02-02 03:00:00	1.08741	1.08796	1.08716	1.08727	5378	4
2024-02-02 04:00:00	1.08727	1.08758	1.08701	1.08716	9685	3
2024-02-02 05:00:00	1.08717	1.08786	1.08713	1.08784	7107	2
2024-02-02 06:00:00	1.08786	1.08788	1.08734	1.08767	7192	2
2024-02-02 07:00:00	1.08765	1.08773	1.08719	1.0873	5442	2
2024-02-02 08:00:00	1.0873	1.08825	1.08723	1.08774	6214	2
2024-02-02 09:00:00	1.08774	1.0881	1.08739	1.08757	10146	2
2024-02-02 10:00:00	1.08757	1.08869	1.08743	1.08808	13896	2
2024-02-02 11:00:00	1.08809	1.08902	1.08735	1.08792	18982	3
2024-02-02 12:00:00	1.08792	1.08974	1.08792	1.08908	11609	2
2024-02-02 13:00:00	1.08907	1.0895	1.08806	1.08845	10086	2
2024-02-02 14:00:00	1.08844	1.08863	1.08781	1.08835	8959	2
2024-02-02 15:00:00	1.08837	1.08851	1.08776	1.08803	10248	3
2024-02-02 16:00:00	1.08802	1.0886	1.08036	1.08072	42091	3
2024-02-02 17:00:00	1.08071	1.08168	1.07916	1.08086	43917	3
2024-02-02 18:00:00	1.08086	1.0811	1.07832	1.08023	43624	4
2024-02-02 19:00:00	1.08024	1.08037	1.07823	1.07861	29237	2
2024-02-02 20:00:00	1.07861	1.07925	1.07808	1.07834	14773	3
2024-02-02 21:00:00	1.07836	1.0791	1.07804	1.07881	17663	2
2024-02-02 22:00:00	1.07882	1.07957	1.07861	1.07925	11330	2
2024-02-02 23:00:00	1.07926	1.07974	1.0792	1.07931	7983	3
2024-02-05 01:00:00	1.07854	1.07858	1.07796	1.07803	3625	23
2024-02-05 02:00:00	1.07799	1.07835	1.07698	1.07796	6862	8
2024-02-05 03:00:00	1.07796	1.07831	1.07673	1.07726	18094	3
2024-02-05 04:00:00	1.07726	1.07787	1.07686	1.07783	9913	3
2024-02-05 05:00:00	1.07783	1.07811	1.07755	1.07788	7855	3
2024-02-05 06:00:00	1.07789	1.07809	1.07743	1.07791	6525	2
2024-02-05 07:00:00	1.0779	1.078	1.07755	1.07788	4401	3
2024-02-05 08:00:00	1.07788	1.0782	1.07733	1.07819	7597	2
2024-02-05 09:00:00	1.07819	1.07847	1.07772	1.07779	6957	3
2024-02-05 10:00:00	1.07778	1.07832	1.07726	1.07802	10538	3
2024-02-05 11:00:00	1.07802	1.07861	1.07635	1.07667	19269	2
2024-02-05 12:00:00	1.07667	1.07728	1.07519	1.07537	15244	4
2024-02-05 13:00:00	1.07536	1.0756	1.07477	1.07492	13546	3
2024-02-05 14:00:00	1.07493	1.07585	1.07469	1.07548	9544	2
2024-02-05 15:00:00	1.07551	1.07575	1.07493	1.07496	10248	2
2024-02-05 16:00:00	1.07496	1.07504	1.07362	1.07374	20806	2
2024-02-05 17:00:00	1.07374	1.0745	1.07352	1.0742	20546	2
2024-02-05 18:00:00	1.07419	1.07419	1.07231	1.07252	34696	4
2024-02-05 19:00:00	1.07252	1.07359	1.07246	1.07352	14290	3
2024-02-05 20:00:00	1.07353	1.07428	1.0734	1.07391	8769	2
2024-02-05 21:00:00	1.07392	1.07465	1.07374	1.0744	7776	2
2024-02-05 22:00:00	1.0744	1.07464	1.07421	1.07429	6898	2
2024-02-05 23:00:00	1.07429	1.0744	1.07367	1.07425	8445	2
2024-02-06 00:00:00	1.07425	1.07429	1.07393	1.07418	4177	2
2024-02-06 01:00:00	1.07418	1.07435	1.07391	1.07425	1731	22
2024-02-06 02:00:00	1.0743	1.07434	1.07408	1.0741	1685	9
2024-02-06 03:00:00	1.07409	1.07452	1.07409	1.07438	5016	3
2024-02-06 04:00:00	1.07439	1.07472	1.07415	1.07453	9032	2
2024-02-06 05:00:00	1.07454	1.0749	1.07438	1.07458	5000	2
2024-02-06 06:00:00	1.07459	1.07488	1.07434	1.07439	4318	3
2024-02-06 07:00:00	1.07439	1.07503	1.07434	1.07489	5969	3
2024-02-06 08:00:00	1.0749	1.07541	1.07486	1.07535	6368	2
2024-02-06 09:00:00	1.07533	1.07533	1.07482	1.07508	6111	3
2024-02-06 10:00:00	1.07509	1.07623	1.07507	1.07517	12403	3
2024-02-06 11:00:00	1.07517	1.076	1.0745	1.0746	16035	3
2024-02-06 12:00:00	1.07461	1.07473	1.07254	1.07291	17553	2
2024-02-06 13:00:00	1.07291	1.07363	1.07276	1.07291	9762	3
2024-02-06 14:00:00	1.07292	1.07429	1.07242	1.07385	10370	2
2024-02-06 15:00:00	1.07384	1.07392	1.07225	1.07358	10304	2
2024-02-06 16:00:00	1.0736	1.0744	1.0728	1.07304	21306	2
2024-02-06 17:00:00	1.07304	1.07436	1.07289	1.07402	31512	3
2024-02-06 18:00:00	1.07406	1.07483	1.07367	1.07432	26133	2
2024-02-06 19:00:00	1.07431	1.07533	1.0739	1.07505	16144	2
2024-02-06 20:00:00	1.07504	1.07552	1.07478	1.07509	19670	3
2024-02-06 21:00:00	1.07508	1.07556	1.07435	1.07539	12674	2
2024-02-06 22:00:00	1.07538	1.07546	1.07468	1.07493	15001	2
2024-02-06 23:00:00	1.07494	1.07574	1.07494	1.07566	7983	2
2024-02-07 00:00:00	1.07565	1.07565	1.07525	1.0754	3249	2
2024-02-07 01:00:00	1.07539	1.07556	1.07492	1.07532	10706	19
2024-02-07 02:00:00	1.07539	1.07567	1.07533	1.07566	1523	13
2024-02-07 03:00:00	1.07569	1.07593	1.07559	1.07589	4250	3
2024-02-07 04:00:00	1.07592	1.07649	1.07589	1.07634	7378	2
2024-02-07 05:00:00	1.07633	1.07656	1.07616	1.07636	6289	3
2024-02-07 06:00:00	1.07636	1.07665	1.07584	1.07588	4658	3
2024-02-07 07:00:00	1.07587	1.07601	1.07566	1.0759	4602	3
2024-02-07 08:00:00	1.07589	1.07644	1.07579	1.07626	5215	2
2024-02-07 09:00:00	1.07626	1.07655	1.07567	1.07611	7610	3
2024-02-07 10:00:00	1.07612	1.07728	1.07609	1.07725	13264	3
2024-02-07 11:00:00	1.07725	1.07734	1.07604	1.07627	17476	3
2024-02-07 12:00:00	1.07627	1.07709	1.07578	1.07693	14838	3
2024-02-07 13:00:00	1.07691	1.07708	1.07627	1.07641	15120	3
2024-02-07 14:00:00	1.0764	1.07739	1.07622	1.07709	12092	3
2024-02-07 15:00:00	1.07709	1.07752	1.0766	1.07737	15665	2
2024-02-07 16:00:00	1.07738	1.07838	1.07668	1.07701	18166	3
2024-02-07 17:00:00	1.07702	1.0778	1.07654	1.07713	27985	3
2024-02-07 18:00:00	1.07715	1.07798	1.07556	1.07566	33199	3
2024-02-07 19:00:00	1.07567	1.07712	1.07562	1.07677	22877	2
2024-02-07 20:00:00	1.07676	1.07678	1.07593	1.07648	15394	2
2024-02-07 21:00:00	1.07647	1.07736	1.07645	1.0771	15281	2
2024-02-07 22:00:00	1.07712	1.07753	1.07699	1.07719	10464	2
2024-02-07 23:00:00	1.07718	1.07742	1.07708	1.07726	7174	2
2024-02-08 00:00:00	1.07726	1.07748	1.07704	1.07704	3044	2
2024-02-08 01:00:00	1.07704	1.07734	1.07679	1.07723	3688	23
2024-02-08 02:00:00	1.07722	1.0777	1.07717	1.07754	3111	14
2024-02-08 03:00:00	1.07754	1.07795	1.07744	1.07779	4873	2
2024-02-08 04:00:00	1.07778	1.07798	1.07751	1.07786	12138	3
2024-02-08 05:00:00	1.07787	1.07832	1.07783	1.07827	7408	2
2024-02-08 06:00:00	1.07827	1.07848	1.07815	1.07823	5507	2
2024-02-08 07:00:00	1.07822	1.07883	1.07795	1.07799	6088	2
2024-02-08 08:00:00	1.07797	1.0784	1.07784	1.07826	5362	3
2024-02-08 09:00:00	1.07828	1.07863	1.07811	1.07839	6376	3
2024-02-08 10:00:00	1.07839	1.07889	1.07767	1.078	13410	2
2024-02-08 11:00:00	1.07801	1.0784	1.07684	1.07771	16568	2
2024-02-08 12:00:00	1.07772	1.07841	1.07734	1.07828	12611	2
2024-02-08 13:00:00	1.07829	1.07855	1.07711	1.07717	9704	2
2024-02-08 14:00:00	1.07715	1.0773	1.0761	1.07629	10164	2
2024-02-08 15:00:00	1.0763	1.07635	1.075	1.07568	14242	2
2024-02-08 16:00:00	1.0757	1.07621	1.07416	1.0744	27491	2
2024-02-08 17:00:00	1.0744	1.07674	1.07435	1.07647	20980	3
2024-02-08 18:00:00	1.0765	1.07675	1.07513	1.07611	23954	2
2024-02-08 19:00:00	1.07611	1.0774	1.07601	1.07732	8369	2
2024-02-08 20:00:00	1.07733	1.07765	1.07713	1.07734	10749	2
2024-02-08 21:00:00	1.07734	1.07827	1.07732	1.07766	14850	2
2024-02-08 22:00:00	1.07765	1.07785	1.07726	1.07747	9161	2
2024-02-08 23:00:00	1.07748	1.07799	1.07748	1.07777	7928	2
2024-02-09 00:00:00	1.07778	1.07786	1.0776	1.07769	3543	3
2024-02-09 01:00:00	1.07767	1.07787	1.0774	1.07755	2183	17
2024-02-09 02:00:00	1.07755	1.07778	1.07738	1.07776	2272	15
2024-02-09 03:00:00	1.07775	1.07786	1.07722	1.07729	5033	3
2024-02-09 04:00:00	1.07729	1.07786	1.07729	1.07743	6627	3
2024-02-09 05:00:00	1.07742	1.07782	1.07732	1.07761	5863	2
2024-02-09 06:00:00	1.07763	1.07775	1.07701	1.07708	6927	2
2024-02-09 07:00:00	1.07709	1.07726	1.07693	1.07711	3544	2
2024-02-09 08:00:00	1.0771	1.07738	1.07695	1.0771	3005	2
2024-02-09 09:00:00	1.07711	1.07755	1.07699	1.07745	4129	2
2024-02-09 10:00:00	1.07747	1.07827	1.07744	1.07801	11303	3
2024-02-09 11:00:00	1.07803	1.07847	1.07723	1.07726	15764	3
2024-02-09 12:00:00	1.07725	1.07768	1.0766	1.0767	14509	3
2024-02-09 13:00:00	1.07669	1.07701	1.07621	1.07666	11244	3
2024-02-09 14:00:00	1.07666	1.07731	1.07635	1.07716	12706	3
2024-02-09 15:00:00	1.07717	1.07765	1.0763	1.07672	14341	3
2024-02-09 16:00:00	1.07671	1.07949	1.07654	1.07831	42758	2
2024-02-09 17:00:00	1.0783	1.07951	1.07749	1.07816	33436	2
2024-02-09 18:00:00	1.07816	1.07898	1.07798	1.07863	25156	2
2024-02-09 19:00:00	1.07864	1.0788	1.07797	1.07816	19842	3
2024-02-09 20:00:00	1.07816	1.07866	1.07792	1.07855	7361	3
2024-02-09 21:00:00	1.07856	1.07908	1.07855	1.07866	6030	2
2024-02-09 22:00:00	1.07865	1.07877	1.07813	1.07825	3713	3
2024-02-09 23:00:00	1.07824	1.0788	1.07797	1.07863	3950	2
2024-02-12 01:00:00	1.07767	1.07861	1.07766	1.07839	1855	63
2024-02-12 02:00:00	1.07843	1.07983	1.07839	1.07979	10278	11
2024-02-12 03:00:00	1.0798	1.07997	1.07967	1.07986	8350	3
2024-02-12 04:00:00	1.07987	1.07987	1.07937	1.07957	4097	2
2024-02-12 05:00:00	1.07957	1.07978	1.07932	1.07948	4279	2
2024-02-12 06:00:00	1.07948	1.0797	1.07911	1.07918	4477	2
2024-02-12 07:00:00	1.07918	1.07939	1.07893	1.07904	2797	3
2024-02-12 08:00:00	1.07903	1.07944	1.07899	1.07914	2916	2
2024-02-12 09:00:00	1.07914	1.0793	1.07899	1.07914	2905	3
2024-02-12 10:00:00	1.07914	1.08055	1.07894	1.08031	9531	3
2024-02-12 11:00:00	1.0803	1.0803	1.07743	1.07753	15167	2
2024-02-12 12:00:00	1.07751	1.0778	1.07667	1.07691	9638	2
2024-02-12 13:00:00	1.07691	1.07787	1.07672	1.07766	9035	3
2024-02-12 14:00:00	1.07767	1.07777	1.0763	1.07693	11592	3
2024-02-12 15:00:00	1.07695	1.07735	1.07651	1.07697	10370	2
2024-02-12 16:00:00	1.07699	1.07736	1.0761	1.07638	17378	2
2024-02-12 17:00:00	1.07638	1.07741	1.07631	1.07722	15941	2
2024-02-12 18:00:00	1.07721	1.07724	1.07559	1.07674	13884	2
2024-02-12 19:00:00	1.07673	1.07774	1.07652	1.07732	15746	2
2024-02-12 20:00:00	1.07733	1.07823	1.07728	1.07823	9817	2
2024-02-12 21:00:00	1.07823	1.0786	1.07805	1.07812	8215	2
2024-02-12 22:00:00	1.07812	1.07829	1.07679	1.07693	8330	1
2024-02-12 23:00:00	1.07693	1.0775	1.07693	1.07742	4659	2
2024-02-13 00:00:00	1.07743	1.0775	1.07703	1.07706	2274	2
2024-02-13 01:00:00	1.07702	1.07751	1.07697	1.07724	4126	24
2024-02-13 02:00:00	1.07723	1.07727	1.07705	1.07717	1779	15
2024-02-13 03:00:00	1.07718	1.0773	1.07669	1.07727	4054	3
2024-02-13 04:00:00	1.07727	1.07744	1.07657	1.07668	4900	3
2024-02-13 05:00:00	1.07668	1.07668	1.07621	1.07642	3814	2
2024-02-13 06:00:00	1.07641	1.07647	1.07606	1.07617	4036	2
2024-02-13 07:00:00	1.07616	1.07641	1.07612	1.07637	2132	3
2024-02-13 08:00:00	1.07635	1.07678	1.07635	1.07669	2988	3
2024-02-13 09:00:00	1.07668	1.07724	1.07661	1.07704	3136	3
2024-02-13 10:00:00	1.07704	1.07776	1.07657	1.07712	13134	3
2024-02-13 11:00:00	1.07711	1.07745	1.07622	1.07675	14923	2
2024-02-13 12:00:00	1.07675	1.07693	1.07567	1.07666	9918	3
2024-02-13 13:00:00	1.07666	1.07761	1.07662	1.07722	17183	3
2024-02-13 14:00:00	1.07721	1.07818	1.0772	1.07778	11144	2
2024-02-13 15:00:00	1.07777	1.07865	1.07762	1.07854	9372	3
2024-02-13 16:00:00	1.07854	1.07985	1.07031	1.07084	45995	2
2024-02-13 17:00:00	1.07084	1.07237	1.07006	1.07179	42841	2
2024-02-13 18:00:00	1.0718	1.07267	1.0706	1.07166	36185	2
2024-02-13 19:00:00	1.07166	1.0722	1.07127	1.07192	18157	2
2024-02-13 20:00:00	1.07192	1.072	1.07122	1.07151	13458	2
2024-02-13 21:00:00	1.07152	1.07201	1.07076	1.07084	8507	2
2024-02-13 22:00:00	1.0708	1.07082	1.07005	1.07012	12204	2
2024-02-13 23:00:00	1.07012	1.071	1.07005	1.07073	8111	3
2024-02-14 00:00:00	1.07072	1.07101	1.0707	1.07079	3047	3
2024-02-14 01:00:00	1.0708	1.07116	1.07071	1.071	3089	19
2024-02-14 02:00:00	1.07101	1.07107	1.07078	1.07083	2278	6
2024-02-14 03:00:00	1.07083	1.07144	1.0706	1.07078	5721	3
2024-02-14 04:00:00	1.07078	1.07121	1.07032	1.07115	9166	2
2024-02-14 05:00:00	1.07116	1.07139	1.07087	1.07095	5604	3
2024-02-14 06:00:00	1.07095	1.07139	1.07081	1.07126	4725	3
2024-02-14 07:00:00	1.07124	1.07145	1.07093	1.07143	5258	3
2024-02-14 08:00:00	1.07144	1.0715	1.07116	1.07139	4244	3
2024-02-14 09:00:00	1.07139	1.07186	1.07138	1.07162	5839	3
2024-02-14 10:00:00	1.07163	1.07173	1.0705	1.07075	15036	3
2024-02-14 11:00:00	1.07074	1.07081	1.06949	1.07022	20554	3
2024-02-14 12:00:00	1.07021	1.07057	1.06962	1.07	13048	3
2024-02-14 13:00:00	1.07001	1.07043	1.06963	1.07036	9581	3
2024-02-14 14:00:00	1.07036	1.07103	1.06971	1.07078	9770	2
2024-02-14 15:00:00	1.07079	1.07103	1.0701	1.07056	9578	2
2024-02-14 16:00:00	1.07058	1.07167	1.07058	1.07086	19676	3
2024-02-14 17:00:00	1.07086	1.07229	1.07065	1.0716	28016	2
2024-02-14 18:00:00	1.0716	1.07252	1.07133	1.07212	25083	2
2024-02-14 19:00:00	1.07211	1.07344	1.07191	1.07339	17555	2
2024-02-14 20:00:00	1.07338	1.07338	1.07278	1.07306	13440	2
2024-02-14 21:00:00	1.07307	1.07338	1.07259	1.07269	9686	2
2024-02-14 22:00:00	1.07269	1.07293	1.07256	1.07281	8101	2
2024-02-14 23:00:00	1.07282	1.07288	1.07259	1.07276	7544	2
2024-02-15 00:00:00	1.07275	1.07284	1.0725	1.0725	3473	2
2024-02-15 01:00:00	1.0725	1.07285	1.07246	1.07272	4743	46
2024-02-15 02:00:00	1.07272	1.07322	1.07272	1.07319	1663	7
2024-02-15 03:00:00	1.07321	1.07354	1.07293	1.0734	4059	2
2024-02-15 04:00:00	1.0734	1.07351	1.07263	1.07283	8052	3
2024-02-15 05:00:00	1.07283	1.07315	1.07258	1.07292	6014	3
2024-02-15 06:00:00	1.07294	1.07305	1.0725	1.07256	4774	3
2024-02-15 07:00:00	1.07255	1.07267	1.07246	1.07259	4029	3
2024-02-15 08:00:00	1.0726	1.07321	1.0726	1.0729	4504	3
2024-02-15 09:00:00	1.0729	1.07338	1.07271	1.07309	6888	3
2024-02-15 10:00:00	1.07308	1.07413	1.07275	1.07328	13707	3
2024-02-15 11:00:00	1.07328	1.07375	1.07296	1.07308	18373	3
2024-02-15 12:00:00	1.07308	1.07368	1.07279	1.0733	12976	3
2024-02-15 13:00:00	1.07329	1.07368	1.07307	1.07345	11367	3
2024-02-15 14:00:00	1.07346	1.074	1.07338	1.07353	7491	2
2024-02-15 15:00:00	1.07354	1.07486	1.07353	1.07449	9310	2
2024-02-15 16:00:00	1.07449	1.07727	1.07426	1.07664	44713	2
2024-02-15 17:00:00	1.07659	1.07829	1.07591	1.07759	47069	3
2024-02-15 18:00:00	1.07761	1.07847	1.07585	1.07611	34108	2
2024-02-15 19:00:00	1.07611	1.07631	1.07552	1.07596	20436	2
2024-02-15 20:00:00	1.07597	1.07629	1.07565	1.07623	9531	2
2024-02-15 21:00:00	1.07623	1.07674	1.07605	1.07669	8356	2
2024-02-15 22:00:00	1.07669	1.07723	1.07665	1.07687	8529	2
2024-02-15 23:00:00	1.07687	1.07718	1.0768	1.07715	8328	2
2024-02-16 00:00:00	1.07715	1.07738	1.07703	1.07718	4158	2
2024-02-16 01:00:00	1.07718	1.07727	1.0768	1.07724	2395	24
2024-02-16 02:00:00	1.07726	1.07768	1.07717	1.07726	1525	12
2024-02-16 03:00:00	1.07726	1.07736	1.07612	1.07647	5924	2
2024-02-16 04:00:00	1.0765	1.07661	1.07611	1.07648	5711	4
2024-02-16 05:00:00	1.07648	1.0765	1.07599	1.07604	5715	3
2024-02-16 06:00:00	1.07604	1.0763	1.0759	1.07598	5113	3
2024-02-16 07:00:00	1.07599	1.07611	1.07573	1.07593	4171	3
2024-02-16 08:00:00	1.07591	1.07618	1.07583	1.07601	3300	3
2024-02-16 09:00:00	1.07601	1.07626	1.07586	1.07626	2939	3
2024-02-16 10:00:00	1.07626	1.07678	1.076	1.07606	6404	3
2024-02-16 11:00:00	1.07607	1.07713	1.07595	1.07699	6675	3
2024-02-16 12:00:00	1.07699	1.07717	1.0764	1.07661	13284	3
2024-02-16 13:00:00	1.07661	1.07708	1.07625	1.0768	7376	2
2024-02-16 14:00:00	1.07678	1.078	1.07667	1.07775	7988	2
2024-02-16 15:00:00	1.07773	1.0778	1.07675	1.0768	12101	2
2024-02-16 16:00:00	1.07679	1.07709	1.07319	1.07464	31421	2
2024-02-16 17:00:00	1.07465	1.07569	1.07409	1.07496	38060	3
2024-02-16 18:00:00	1.07494	1.07768	1.07483	1.07707	32518	4
2024-02-16 19:00:00	1.0771	1.07753	1.07656	1.07683	23104	3
2024-02-16 20:00:00	1.07681	1.07778	1.07626	1.07777	9638	2
2024-02-16 21:00:00	1.07778	1.07859	1.07739	1.0785	9618	2
2024-02-16 22:00:00	1.07851	1.07874	1.07754	1.0777	12132	1
2024-02-16 23:00:00	1.0777	1.07774	1.07729	1.07764	11649	2
2024-02-19 01:00:00	1.07718	1.07768	1.07718	1.07748	1650	37
2024-02-19 02:00:00	1.07744	1.0785	1.07744	1.0784	2455	10
2024-02-19 03:00:00	1.07838	1.07889	1.07836	1.07869	4694	3
2024-02-19 04:00:00	1.0787	1.0788	1.07782	1.07803	7820	2
2024-02-19 05:00:00	1.07802	1.07818	1.0778	1.07812	4048	2
2024-02-19 06:00:00	1.07811	1.07832	1.0775	1.07754	5295	2
2024-02-19 07:00:00	1.07753	1.07809	1.07748	1.07778	3222	2
2024-02-19 08:00:00	1.07779	1.07827	1.0777	1.07816	4005	2
2024-02-19 09:00:00	1.07817	1.07867	1.078	1.07863	4225	3
2024-02-19 10:00:00	1.07863	1.07894	1.07813	1.07826	7507	3
2024-02-19 11:00:00	1.0783	1.07873	1.07762	1.07781	11498	2
2024-02-19 12:00:00	1.07782	1.07833	1.07723	1.07747	11140	2
2024-02-19 13:00:00	1.07746	1.07787	1.07721	1.07752	7880	3
2024-02-19 14:00:00	1.07753	1.07817	1.07735	1.0777	7450	3
2024-02-19 15:00:00	1.07769	1.07794	1.07696	1.077	6112	2
2024-02-19 16:00:00	1.07704	1.07787	1.07675	1.077	6511	3
2024-02-19 17:00:00	1.077	1.07706	1.07631	1.07663	10159	2
2024-02-19 18:00:00	1.07664	1.07684	1.07621	1.07674	7844	3
2024-02-19 19:00:00	1.07673	1.07707	1.07626	1.07698	3963	2
2024-02-19 20:00:00	1.07697	1.07763	1.07694	1.07761	1835	3
2024-02-19 21:00:00	1.0776	1.07836	1.0776	1.07789	2836	3
2024-02-19 22:00:00	1.07791	1.07821	1.07779	1.07783	1841	3
2024-02-19 23:00:00	1.07786	1.07797	1.07775	1.07793	855	3
2024-02-20 00:00:00	1.07793	1.07823	1.07776	1.07785	1040	3
2024-02-20 01:00:00	1.0777	1.07801	1.07758	1.07784	2849	40
2024-02-20 02:00:00	1.07784	1.07799	1.07737	1.07754	2539	9
2024-02-20 03:00:00	1.07753	1.07769	1.07676	1.07696	6838	2
2024-02-20 04:00:00	1.07695	1.07712	1.07649	1.07659	11484	2
2024-02-20 05:00:00	1.07658	1.07669	1.07615	1.07669	6751	3
2024-02-20 06:00:00	1.07668	1.07685	1.07644	1.07678	5334	3
2024-02-20 07:00:00	1.07678	1.07709	1.07674	1.07689	4428	2
2024-02-20 08:00:00	1.0769	1.077	1.07651	1.07679	5202	2
2024-02-20 09:00:00	1.07679	1.07727	1.07673	1.07708	5874	3
2024-02-20 10:00:00	1.07708	1.07748	1.07674	1.07697	12458	3
2024-02-20 11:00:00	1.07695	1.07777	1.07688	1.07758	16016	2
2024-02-20 12:00:00	1.07757	1.07988	1.07738	1.07977	16599	2
2024-02-20 13:00:00	1.07977	1.08094	1.07954	1.08038	19905	3
2024-02-20 14:00:00	1.08039	1.08043	1.07937	1.07983	15738	2
2024-02-20 15:00:00	1.07984	1.08056	1.07954	1.0798	18225	2
2024-02-20 16:00:00	1.07981	1.08249	1.07968	1.0823	21168	2
2024-02-20 17:00:00	1.08232	1.08387	1.08183	1.08289	30978	2
2024-02-20 18:00:00	1.0829	1.08295	1.0813	1.08226	24167	2
2024-02-20 19:00:00	1.08227	1.08248	1.08124	1.08129	14266	2
2024-02-20 20:00:00	1.0813	1.08149	1.08091	1.08117	9683	3
2024-02-20 21:00:00	1.08116	1.0813	1.0807	1.08098	7437	2
2024-02-20 22:00:00	1.08098	1.08113	1.08064	1.08064	8202	2
2024-02-20 23:00:00	1.08063	1.08126	1.08043	1.08104	8144	3
2024-02-21 00:00:00	1.08104	1.08107	1.08065	1.08072	3314	3
2024-02-21 01:00:00	1.08071	1.08097	1.08056	1.0809	2197	13
2024-02-21 02:00:00	1.08091	1.0811	1.08074	1.08098	3339	15
2024-02-21 03:00:00	1.081	1.08111	1.08066	1.08102	5041	2
2024-02-21 04:00:00	1.08102	1.08125	1.08055	1.08119	6900	2
2024-02-21 05:00:00	1.0812	1.08172	1.08119	1.0815	6285	3
2024-02-21 06:00:00	1.0815	1.08189	1.08136	1.08178	4502	2
2024-02-21 07:00:00	1.08179	1.08191	1.08135	1.08141	4512	2
2024-02-21 08:00:00	1.08141	1.08165	1.08125	1.0815	4652	3
2024-02-21 09:00:00	1.08151	1.08152	1.08075	1.08114	7456	2
2024-02-21 10:00:00	1.08114	1.0814	1.08064	1.08107	9032	3
2024-02-21 11:00:00	1.08106	1.08146	1.07972	1.07987	12541	3
2024-02-21 12:00:00	1.07987	1.08003	1.07899	1.07999	12303	2
2024-02-21 13:00:00	1.07997	1.08031	1.07959	1.08011	9499	2
2024-02-21 14:00:00	1.0801	1.08021	1.07942	1.0799	8665	2
2024-02-21 15:00:00	1.0799	1.08031	1.07964	1.08031	9913	3
2024-02-21 16:00:00	1.08031	1.08114	1.08031	1.081	16889	2
2024-02-21 17:00:00	1.08101	1.08162	1.08061	1.08131	16295	2
2024-02-21 18:00:00	1.0813	1.08199	1.08043	1.08051	17638	3
2024-02-21 19:00:00	1.08051	1.08188	1.08008	1.08169	14411	3
2024-02-21 20:00:00	1.08171	1.08172	1.08066	1.08075	12359	2
2024-02-21 21:00:00	1.08074	1.08135	1.07999	1.08113	18521	2
2024-02-21 22:00:00	1.08117	1.08243	1.0805	1.08165	20781	4
2024-02-21 23:00:00	1.08164	1.08209	1.08124	1.08171	15433	2
2024-02-22 00:00:00	1.08172	1.08201	1.08129	1.08181	3717	2
2024-02-22 01:00:00	1.08182	1.08209	1.08146	1.08192	6791	24
2024-02-22 02:00:00	1.08191	1.08226	1.08187	1.08202	3243	12
2024-02-22 03:00:00	1.08201	1.08321	1.082	1.08302	6300	3
2024-02-22 04:00:00	1.08301	1.08306	1.08267	1.08267	10021	3
2024-02-22 05:00:00	1.08266	1.08271	1.0819	1.0826	6769	3
2024-02-22 06:00:00	1.0826	1.08272	1.08231	1.08257	2946	3
2024-02-22 07:00:00	1.08258	1.08309	1.08252	1.08303	3802	3
2024-02-22 08:00:00	1.08302	1.08378	1.08296	1.08333	4148	3
2024-02-22 09:00:00	1.08331	1.084	1.0833	1.08384	4576	3
2024-02-22 10:00:00	1.08385	1.08538	1.08376	1.08531	10796	2
2024-02-22 11:00:00	1.08531	1.08882	1.08526	1.08714	26066	2
2024-02-22 12:00:00	1.08715	1.08716	1.0848	1.08529	18013	3
2024-02-22 13:00:00	1.08527	1.08588	1.08503	1.08566	8449	3
2024-02-22 14:00:00	1.08568	1.08573	1.08448	1.08573	8013	2
2024-02-22 15:00:00	1.08572	1.08586	1.08424	1.08438	10887	2
2024-02-22 16:00:00	1.08439	1.08481	1.0821	1.08231	21296	2
2024-02-22 17:00:00	1.0823	1.08246	1.08026	1.0818	23298	2
2024-02-22 18:00:00	1.0818	1.08194	1.08036	1.08102	23983	2
2024-02-22 19:00:00	1.08101	1.08185	1.08088	1.08141	11741	2
2024-02-22 20:00:00	1.08142	1.0824	1.08117	1.08202	6534	2
2024-02-22 21:00:00	1.08201	1.08261	1.08144	1.08248	5889	2
2024-02-22 22:00:00	1.08247	1.08251	1.08192	1.08223	5941	2
2024-02-22 23:00:00	1.08224	1.08232	1.08185	1.08217	6644	2
2024-02-23 00:00:00	1.08218	1.08236	1.08208	1.08222	2601	3
2024-02-23 01:00:00	1.08221	1.08242	1.08174	1.08209	2213	14
2024-02-23 02:00:00	1.08215	1.08258	1.08204	1.08253	1575	12
2024-02-23 03:00:00	1.08253	1.08278	1.08149	1.08218	5905	3
2024-02-23 04:00:00	1.08216	1.08318	1.08216	1.08269	4786	3
2024-02-23 05:00:00	1.08271	1.08305	1.08247	1.08254	4579	3
2024-02-23 06:00:00	1.08253	1.0826	1.08227	1.08252	4299	3
2024-02-23 07:00:00	1.08253	1.08284	1.08249	1.08254	4700	2
2024-02-23 08:00:00	1.08253	1.08269	1.08213	1.08227	3624	3
2024-02-23 09:00:00	1.08227	1.08276	1.08217	1.08256	5050	2
2024-02-23 10:00:00	1.08256	1.08318	1.08239	1.08294	9055	2
2024-02-23 11:00:00	1.08295	1.08324	1.08209	1.0825	10951	2
2024-02-23 12:00:00	1.0825	1.08257	1.0814	1.08173	8412	3
2024-02-23 13:00:00	1.08174	1.08248	1.08171	1.08237	7711	2
2024-02-23 14:00:00	1.08239	1.08314	1.08223	1.08271	8219	2
2024-02-23 15:00:00	1.08271	1.08395	1.08245	1.08361	9683	2
2024-02-23 16:00:00	1.08361	1.08367	1.08268	1.08319	14335	2
2024-02-23 17:00:00	1.08316	1.08368	1.08243	1.08255	14850	2
2024-02-23 18:00:00	1.08255	1.08256	1.08117	1.08206	14583	2
2024-02-23 19:00:00	1.08206	1.08287	1.08149	1.08274	12278	1
2024-02-23 20:00:00	1.08275	1.08288	1.0821	1.08247	9701	2
2024-02-23 21:00:00	1.08248	1.08296	1.08229	1.08265	5538	2
2024-02-23 22:00:00	1.08264	1.08265	1.08201	1.08229	6126	2
2024-02-23 23:00:00	1.08229	1.08245	1.08176	1.08223	6738	2
2024-02-26 01:00:00	1.08318	1.08322	1.08182	1.08227	2229	28
2024-02-26 02:00:00	1.0823	1.0823	1.08189	1.0819	1621	7
2024-02-26 03:00:00	1.08188	1.08202	1.0816	1.08166	5174	2
2024-02-26 04:00:00	1.08165	1.08194	1.08126	1.08163	5575	3
2024-02-26 05:00:00	1.08163	1.08176	1.08143	1.08171	2825	2
2024-02-26 06:00:00	1.08169	1.08194	1.0816	1.08185	3555	1
2024-02-26 07:00:00	1.08185	1.08226	1.08175	1.08211	4643	2
2024-02-26 08:00:00	1.0821	1.08241	1.08188	1.08231	3894	2
2024-02-26 09:00:00	1.0823	1.08254	1.08219	1.0824	3503	2
2024-02-26 10:00:00	1.08241	1.08366	1.08229	1.08321	9868	2
2024-02-26 11:00:00	1.08322	1.08355	1.0827	1.08321	9682	2
2024-02-26 12:00:00	1.08321	1.08403	1.08306	1.08399	5251	3
2024-02-26 13:00:00	1.084	1.08487	1.08385	1.08478	8500	2
2024-02-26 14:00:00	1.08477	1.0854	1.0845	1.08519	7102	2
2024-02-26 15:00:00	1.0852	1.08597	1.08487	1.08496	7052	1
2024-02-26 16:00:00	1.08495	1.08589	1.08483	1.08578	9537	2
2024-02-26 17:00:00	1.08579	1.08587	1.08438	1.08459	14954	2
2024-02-26 18:00:00	1.0846	1.08543	1.08386	1.08509	11375	3
2024-02-26 19:00:00	1.08509	1.08555	1.08471	1.0854	8634	2
2024-02-26 20:00:00	1.0854	1.08548	1.08436	1.08453	7247	2
2024-02-26 21:00:00	1.08452	1.08458	1.08397	1.08446	5808	2
2024-02-26 22:00:00	1.08445	1.08475	1.08439	1.08462	5322	1
2024-02-26 23:00:00	1.08462	1.08525	1.08461	1.08507	8807	2
2024-02-27 00:00:00	1.08507	1.08515	1.08497	1.08504	2374	2
2024-02-27 01:00:00	1.08504	1.08505	1.08469	1.08497	6819	16
2024-02-27 02:00:00	1.08497	1.08513	1.08482	1.08503	1385	7
2024-02-27 03:00:00	1.08504	1.08508	1.08467	1.08474	1657	2
2024-02-27 04:00:00	1.08473	1.08507	1.08454	1.08499	2909	2
2024-02-27 05:00:00	1.08499	1.08534	1.08482	1.08514	1449	3
2024-02-27 06:00:00	1.08514	1.08529	1.08485	1.08528	1103	2
2024-02-27 07:00:00	1.08529	1.08553	1.08526	1.08534	917	2
2024-02-27 08:00:00	1.08533	1.08541	1.08486	1.08519	1714	2
2024-02-27 09:00:00	1.0852	1.08527	1.0847	1.085	2017	2
2024-02-27 10:00:00	1.08501	1.08626	1.08498	1.0856	4595	3
2024-02-27 11:00:00	1.08558	1.08659	1.08529	1.08576	6281	2
2024-02-27 12:00:00	1.08575	1.08594	1.08518	1.08529	9765	2
2024-02-27 13:00:00	1.08528	1.08532	1.08418	1.08517	7677	2
2024-02-27 14:00:00	1.08516	1.08589	1.08479	1.08576	5510	2
2024-02-27 15:00:00	1.08576	1.0863	1.08557	1.08568	5709	2
2024-02-27 16:00:00	1.08568	1.08577	1.08449	1.0848	13343	2
2024-02-27 17:00:00	1.08479	1.08508	1.08359	1.084	9817	2
2024-02-27 18:00:00	1.08398	1.08512	1.0833	1.08469	13090	3
2024-02-27 19:00:00	1.08469	1.08577	1.08448	1.0856	9462	2
2024-02-27 20:00:00	1.0856	1.08565	1.08488	1.08507	7942	3
2024-02-27 21:00:00	1.08507	1.08567	1.08489	1.08495	7082	2
2024-02-27 22:00:00	1.08494	1.08494	1.08408	1.08442	6352	2
2024-02-27 23:00:00	1.08441	1.08475	1.0842	1.08441	4392	2
2024-02-28 00:00:00	1.0844	1.08461	1.08437	1.08437	2728	2
2024-02-28 01:00:00	1.08437	1.08465	1.08433	1.08434	4711	13
2024-02-28 02:00:00	1.08434	1.08452	1.0841	1.0841	1991	9
2024-02-28 03:00:00	1.08411	1.08455	1.08405	1.08446	3190	2
2024-02-28 04:00:00	1.08447	1.08447	1.08378	1.08394	6203	3
2024-02-28 05:00:00	1.08394	1.08402	1.08371	1.08375	3224	2
2024-02-28 06:00:00	1.08375	1.08381	1.08328	1.08343	3318	2
2024-02-28 07:00:00	1.08344	1.08357	1.08318	1.08323	3267	2
2024-02-28 08:00:00	1.08322	1.08331	1.08254	1.08266	5040	3
2024-02-28 09:00:00	1.08265	1.08293	1.0822	1.08224	4617	4
2024-02-28 10:00:00	1.08223	1.08248	1.08164	1.08232	7435	3
2024-02-28 11:00:00	1.08233	1.08241	1.08084	1.0809	11595	2
2024-02-28 12:00:00	1.08089	1.08126	1.07966	1.08	13350	2
2024-02-28 13:00:00	1.07999	1.08176	1.07993	1.08154	12270	3
2024-02-28 14:00:00	1.08154	1.08179	1.0811	1.08154	8036	3
2024-02-28 15:00:00	1.08154	1.08208	1.08073	1.08088	7977	2
2024-02-28 16:00:00	1.08087	1.08309	1.08067	1.08278	18087	2
2024-02-28 17:00:00	1.08276	1.08337	1.08213	1.08299	22499	2
2024-02-28 18:00:00	1.083	1.08379	1.0826	1.08343	9900	2
2024-02-28 19:00:00	1.08342	1.08423	1.08312	1.08421	9900	2
2024-02-28 20:00:00	1.0842	1.08458	1.08339	1.08383	7421	1
2024-02-28 21:00:00	1.08384	1.08404	1.08329	1.08343	6290	2
2024-02-28 22:00:00	1.08343	1.08372	1.08324	1.08336	6935	2
2024-02-28 23:00:00	1.08336	1.08398	1.0833	1.0838	6414	1
2024-02-29 00:00:00	1.0838	1.08394	1.08361	1.08375	2575	2
2024-02-29 01:00:00	1.08376	1.08401	1.08341	1.0838	3428	12
2024-02-29 02:00:00	1.0838	1.084	1.08374	1.08383	1687	7
2024-02-29 03:00:00	1.08384	1.084	1.08347	1.08363	4961	2
2024-02-29 04:00:00	1.08363	1.08403	1.0828	1.0829	7770	2
2024-02-29 05:00:00	1.0829	1.08367	1.08287	1.08365	8654	2
2024-02-29 06:00:00	1.08364	1.08378	1.08336	1.08369	5855	2
2024-02-29 07:00:00	1.08368	1.08376	1.08341	1.08363	5700	2
2024-02-29 08:00:00	1.08363	1.08373	1.08317	1.08353	4821	2
2024-02-29 09:00:00	1.08352	1.08381	1.08321	1.08329	5609	3
2024-02-29 10:00:00	1.08327	1.08393	1.08259	1.08288	10786	2
2024-02-29 11:00:00	1.08288	1.08473	1.08285	1.08376	16755	2
2024-02-29 12:00:00	1.08389	1.0852	1.08375	1.08505	13369	2
2024-02-29 13:00:00	1.08506	1.08542	1.08376	1.08378	9693	2
2024-02-29 14:00:00	1.08377	1.08429	1.08288	1.08343	8424	2
2024-02-29 15:00:00	1.08343	1.08358	1.08265	1.08287	9487	2
2024-02-29 16:00:00	1.08287	1.08467	1.08218	1.08377	27708	2
2024-02-29 17:00:00	1.08376	1.08503	1.08363	1.08466	21040	1
2024-02-29 18:00:00	1.08469	1.08558	1.0819	1.08224	21986	2
2024-02-29 19:00:00	1.08223	1.0825	1.08044	1.08062	15967	2
2024-02-29 20:00:00	1.08062	1.08073	1.07958	1.07998	10855	2
2024-02-29 21:00:00	1.07999	1.08102	1.07983	1.08091	7717	2
2024-02-29 22:00:00	1.08092	1.08112	1.08009	1.08025	12130	1
2024-02-29 23:00:00	1.08025	1.08095	1.08025	1.08083	10873	2
2024-03-01 00:00:00	1.08083	1.08086	1.08039	1.08046	4655	1
2024-03-01 01:00:00	1.08046	1.08057	1.07998	1.08047	11189	23
2024-03-01 02:00:00	1.08053	1.08056	1.08023	1.08055	1105	5
2024-03-01 03:00:00	1.08055	1.08124	1.08052	1.08113	4608	2
2024-03-01 04:00:00	1.08114	1.08212	1.08109	1.08212	4243	3
2024-03-01 05:00:00	1.08214	1.08218	1.08166	1.08183	5401	2
2024-03-01 06:00:00	1.08184	1.08211	1.08165	1.08168	2426	2
2024-03-01 07:00:00	1.08169	1.0817	1.08122	1.08135	1587	2
2024-03-01 08:00:00	1.08135	1.08141	1.08111	1.08122	2846	2
2024-03-01 09:00:00	1.0812	1.08139	1.08082	1.08091	3112	3
2024-03-01 10:00:00	1.0809	1.08174	1.08087	1.08125	5620	2
2024-03-01 11:00:00	1.08127	1.08199	1.0809	1.08112	13391	2
2024-03-01 12:00:00	1.08111	1.08176	1.08086	1.08153	8490	2
2024-03-01 13:00:00	1.08156	1.08227	1.07984	1.08104	16512	3
2024-03-01 14:00:00	1.08105	1.08191	1.08102	1.08187	10718	3
2024-03-01 15:00:00	1.08187	1.08247	1.08119	1.08129	12275	2
2024-03-01 16:00:00	1.08128	1.08153	1.08078	1.08127	13033	1
2024-03-01 17:00:00	1.08127	1.08206	1.07981	1.07999	16308	2
2024-03-01 18:00:00	1.08	1.08416	1.08	1.0835	45958	4
2024-03-01 19:00:00	1.08349	1.08368	1.08233	1.0831	9441	2
2024-03-01 20:00:00	1.08309	1.08398	1.08288	1.08376	4689	1
2024-03-01 21:00:00	1.08376	1.08424	1.08315	1.084	7920	1
2024-03-01 22:00:00	1.084	1.08432	1.08381	1.08412	6753	2
2024-03-01 23:00:00	1.08412	1.08412	1.08348	1.08373	4081	2
2024-03-04 01:00:00	1.08359	1.08425	1.0835	1.08398	4587	56
2024-03-04 02:00:00	1.08397	1.0844	1.08397	1.08416	5205	11
2024-03-04 03:00:00	1.08417	1.0848	1.08407	1.08457	4933	2
2024-03-04 04:00:00	1.08458	1.08458	1.08385	1.084	4628	2
2024-03-04 05:00:00	1.08401	1.08458	1.08385	1.08453	3489	2
2024-03-04 06:00:00	1.08454	1.08457	1.08421	1.08438	2978	2
2024-03-04 07:00:00	1.0844	1.08457	1.08431	1.08436	1676	1
2024-03-04 08:00:00	1.08435	1.08468	1.08428	1.08443	2292	2
2024-03-04 09:00:00	1.08443	1.08478	1.0843	1.08469	3157	2
2024-03-04 10:00:00	1.0847	1.08539	1.08451	1.08537	7098	2
2024-03-04 11:00:00	1.08537	1.08578	1.08377	1.08447	10778	2
2024-03-04 12:00:00	1.08448	1.0852	1.08422	1.0849	6572	2
2024-03-04 13:00:00	1.08489	1.08549	1.08458	1.08536	5942	2
2024-03-04 14:00:00	1.08535	1.08569	1.08515	1.08562	7329	2
2024-03-04 15:00:00	1.08562	1.08575	1.08416	1.08425	9202	2
2024-03-04 16:00:00	1.08426	1.085	1.08401	1.08487	9725	2
2024-03-04 17:00:00	1.08486	1.08617	1.0845	1.08597	13182	2
2024-03-04 18:00:00	1.08596	1.08636	1.08554	1.08632	11520	2
2024-03-04 19:00:00	1.08633	1.08667	1.08567	1.08614	8402	2
2024-03-04 20:00:00	1.08614	1.08623	1.08554	1.08579	7063	2
2024-03-04 21:00:00	1.08578	1.08606	1.08557	1.08563	2866	1
2024-03-04 22:00:00	1.08564	1.08583	1.08553	1.08565	4490	2
2024-03-04 23:00:00	1.08565	1.08594	1.08553	1.08558	6181	1
2024-03-05 00:00:00	1.08559	1.08571	1.08549	1.08549	3071	2
2024-03-05 01:00:00	1.08549	1.08569	1.08526	1.08531	11590	11
2024-03-05 02:00:00	1.08533	1.0858	1.08533	1.08541	1790	17
2024-03-05 03:00:00	1.0854	1.08552	1.08514	1.08529	1745	2
2024-03-05 04:00:00	1.0853	1.08546	1.08475	1.08494	5125	2
2024-03-05 05:00:00	1.08496	1.08518	1.08484	1.085	3327	1
2024-03-05 06:00:00	1.085	1.08547	1.08495	1.08541	2518	2
2024-03-05 07:00:00	1.08542	1.08542	1.08498	1.08505	2002	2
2024-03-05 08:00:00	1.08504	1.08541	1.08493	1.08528	2541	2
2024-03-05 09:00:00	1.08529	1.08532	1.08445	1.08467	4543	2
2024-03-05 10:00:00	1.08468	1.08512	1.08414	1.08463	8758	2
2024-03-05 11:00:00	1.08464	1.08518	1.0843	1.08471	9167	2
2024-03-05 12:00:00	1.0847	1.08558	1.0847	1.08514	7173	3
2024-03-05 13:00:00	1.08512	1.08549	1.08494	1.08502	6276	3
2024-03-05 14:00:00	1.08501	1.08535	1.08478	1.08498	4513	2
2024-03-05 15:00:00	1.08498	1.08504	1.08456	1.08472	5120	2
2024-03-05 16:00:00	1.08471	1.08516	1.0842	1.08462	11276	2
2024-03-05 17:00:00	1.08464	1.08544	1.08403	1.08453	14025	2
2024-03-05 18:00:00	1.08454	1.0876	1.0845	1.08714	25954	4
2024-03-05 19:00:00	1.08715	1.08719	1.0858	1.08609	12615	2
2024-03-05 20:00:00	1.08609	1.08644	1.08577	1.08599	6887	3
2024-03-05 21:00:00	1.08598	1.08599	1.08513	1.08527	5401	2
2024-03-05 22:00:00	1.08528	1.08576	1.08513	1.08528	6493	2
2024-03-05 23:00:00	1.08528	1.08584	1.08489	1.08575	4993	2
2024-03-06 00:00:00	1.08576	1.08589	1.08559	1.0856	4240	3
2024-03-06 01:00:00	1.0856	1.08572	1.08556	1.08564	4805	18
2024-03-06 02:00:00	1.08566	1.08587	1.08554	1.08555	1343	9
2024-03-06 03:00:00	1.08554	1.08556	1.08492	1.08498	2701	2
2024-03-06 04:00:00	1.08497	1.08502	1.08421	1.08438	6773	2
2024-03-06 05:00:00	1.08439	1.08533	1.08439	1.08526	4812	2
2024-03-06 06:00:00	1.08526	1.08531	1.08503	1.08507	4377	2
2024-03-06 07:00:00	1.08507	1.08522	1.08495	1.08516	3194	1
2024-03-06 08:00:00	1.08516	1.08568	1.08516	1.08551	4561	2
2024-03-06 09:00:00	1.08551	1.08605	1.08547	1.08594	5305	2
2024-03-06 10:00:00	1.08594	1.08663	1.08586	1.08619	7845	3
2024-03-06 11:00:00	1.08619	1.08741	1.08592	1.08731	9044	2
2024-03-06 12:00:00	1.08731	1.08777	1.08694	1.08765	6190	1
2024-03-06 13:00:00	1.08764	1.08795	1.08734	1.08773	4477	2
2024-03-06 14:00:00	1.08773	1.08783	1.08715	1.08757	4962	2
2024-03-06 15:00:00	1.08757	1.08785	1.08675	1.08687	6943	2
2024-03-06 16:00:00	1.08688	1.08848	1.08683	1.08847	20872	2
2024-03-06 17:00:00	1.08846	1.08894	1.0883	1.08869	11741	2
2024-03-06 18:00:00	1.08869	1.09087	1.08813	1.09052	20760	3
2024-03-06 19:00:00	1.09053	1.09149	1.08995	1.09122	17498	2
2024-03-06 20:00:00	1.09122	1.09153	1.08995	1.09023	13888	2
2024-03-06 21:00:00	1.09023	1.09077	1.09005	1.09029	9770	2
2024-03-06 22:00:00	1.09028	1.09028	1.08933	1.08968	11375	2
2024-03-06 23:00:00	1.08967	1.08994	1.08929	1.0899	8492	2
2024-03-07 00:00:00	1.08988	1.08995	1.08953	1.0898	2295	3
2024-03-07 01:00:00	1.0898	1.09011	1.08928	1.08979	4184	18
2024-03-07 02:00:00	1.08978	1.09013	1.0897	1.08995	2052	9
2024-03-07 03:00:00	1.08994	1.09073	1.08993	1.0903	4715	2
2024-03-07 04:00:00	1.09031	1.09042	1.08965	1.08979	5951	2
2024-03-07 05:00:00	1.08979	1.0899	1.08936	1.08984	3097	2
2024-03-07 06:00:00	1.08983	1.09014	1.08955	1.09006	2722	2
2024-03-07 07:00:00	1.09005	1.09055	1.09003	1.09035	4878	2
2024-03-07 08:00:00	1.09034	1.09055	1.08997	1.09004	2277	1
2024-03-07 09:00:00	1.09003	1.09029	1.08985	1.09014	3938	3
2024-03-07 10:00:00	1.09016	1.09043	1.08912	1.08937	8284	3
2024-03-07 11:00:00	1.08938	1.08978	1.08876	1.08978	7756	2
2024-03-07 12:00:00	1.08976	1.09027	1.08928	1.09016	5025	2
2024-03-07 13:00:00	1.09017	1.09019	1.08896	1.08964	9687	2
2024-03-07 14:00:00	1.08965	1.0899	1.08924	1.08939	6993	2
2024-03-07 15:00:00	1.08939	1.09001	1.08922	1.08943	7216	2
2024-03-07 16:00:00	1.08943	1.08967	1.08678	1.08723	28512	2
2024-03-07 17:00:00	1.08723	1.09194	1.08692	1.09155	31923	2
2024-03-07 18:00:00	1.09157	1.09309	1.09081	1.09299	17154	2
2024-03-07 19:00:00	1.09299	1.0942	1.09247	1.09401	13485	1
2024-03-07 20:00:00	1.09401	1.09416	1.09314	1.0937	9570	2
2024-03-07 21:00:00	1.09369	1.09447	1.09365	1.09422	5249	2
2024-03-07 22:00:00	1.09421	1.09487	1.09407	1.09468	6710	2
2024-03-07 23:00:00	1.09469	1.09491	1.09426	1.0947	7553	2
2024-03-08 00:00:00	1.09469	1.09489	1.09456	1.09477	4106	2
2024-03-08 01:00:00	1.09472	1.09479	1.09426	1.09465	4091	12
2024-03-08 02:00:00	1.0947	1.09513	1.09466	1.09509	649	7
2024-03-08 03:00:00	1.0951	1.09556	1.09502	1.09513	1568	2
2024-03-08 04:00:00	1.09513	1.09528	1.09464	1.0948	3693	2
2024-03-08 05:00:00	1.09479	1.09508	1.09449	1.09456	2352	2
2024-03-08 06:00:00	1.09456	1.09479	1.09442	1.09473	2274	2
2024-03-08 07:00:00	1.09476	1.09491	1.09444	1.09456	1948	1
2024-03-08 08:00:00	1.09456	1.09485	1.09448	1.09464	2388	1
2024-03-08 09:00:00	1.09463	1.0949	1.09442	1.09479	2579	3
2024-03-08 10:00:00	1.0948	1.0951	1.09318	1.09336	6894	3
2024-03-08 11:00:00	1.09336	1.09388	1.0929	1.09358	9344	2
2024-03-08 12:00:00	1.09358	1.09373	1.09261	1.09352	9923	2
2024-03-08 13:00:00	1.09351	1.09369	1.09263	1.09334	8487	2
2024-03-08 14:00:00	1.09335	1.0939	1.09295	1.09345	6508	2
2024-03-08 15:00:00	1.09346	1.09351	1.0928	1.09318	7525	1
2024-03-08 16:00:00	1.0932	1.09812	1.09183	1.09582	40306	2
2024-03-08 17:00:00	1.09582	1.09665	1.09448	1.09577	29686	2
2024-03-08 18:00:00	1.09577	1.09619	1.09434	1.09609	18688	2
2024-03-08 19:00:00	1.09609	1.09613	1.09373	1.09402	20162	2
2024-03-08 20:00:00	1.09404	1.09457	1.09369	1.09393	14712	2
2024-03-08 21:00:00	1.09392	1.094	1.09334	1.09372	11939	2
2024-03-08 22:00:00	1.09371	1.0942	1.09344	1.09416	7817	2
2024-03-08 23:00:00	1.09417	1.09438	1.09345	1.09361	6996	2
2024-03-11 00:00:00	1.09411	1.09411	1.09375	1.09393	1028	81
2024-03-11 01:00:00	1.09393	1.09406	1.09359	1.09375	1854	8
2024-03-11 02:00:00	1.09374	1.09436	1.09374	1.09426	6115	4
2024-03-11 03:00:00	1.09427	1.09465	1.09381	1.09422	4712	2
2024-03-11 04:00:00	1.09423	1.09457	1.0939	1.09405	5167	2
2024-03-11 05:00:00	1.09405	1.09418	1.09373	1.09388	4496	2
2024-03-11 06:00:00	1.09388	1.09443	1.09379	1.09412	3207	2
2024-03-11 07:00:00	1.09411	1.09415	1.09369	1.09386	2546	2
2024-03-11 08:00:00	1.09386	1.0942	1.09386	1.09413	2950	2
2024-03-11 09:00:00	1.09411	1.09437	1.09353	1.0942	3577	2
2024-03-11 10:00:00	1.09421	1.09473	1.0937	1.09421	7107	2
2024-03-11 11:00:00	1.09419	1.0948	1.09385	1.09445	11398	2
2024-03-11 12:00:00	1.09446	1.09448	1.09339	1.09346	7284	2
2024-03-11 13:00:00	1.09346	1.09435	1.09329	1.09415	5262	1
2024-03-11 14:00:00	1.09414	1.09435	1.09377	1.09429	4651	2
2024-03-11 15:00:00	1.09427	1.09432	1.09293	1.09294	17079	2
2024-03-11 16:00:00	1.09295	1.09316	1.09177	1.09195	13757	2
2024-03-11 17:00:00	1.09196	1.09249	1.09156	1.09243	12507	2
2024-03-11 18:00:00	1.09242	1.09288	1.09145	1.09272	17356	2
2024-03-11 19:00:00	1.09273	1.0928	1.09229	1.0927	11404	2
2024-03-11 20:00:00	1.09271	1.09302	1.09245	1.09252	11655	2
2024-03-11 21:00:00	1.09253	1.09261	1.09182	1.09241	11435	2
2024-03-11 22:00:00	1.09241	1.09264	1.09219	1.09261	8034	2
2024-03-11 23:00:00	1.09262	1.09273	1.0925	1.0925	1976	2
2024-03-12 00:00:00	1.09252	1.09271	1.09195	1.09258	6782	29
2024-03-12 01:00:00	1.0926	1.09271	1.09241	1.0925	1592	10
2024-03-12 02:00:00	1.09249	1.09309	1.09249	1.09304	1835	4
2024-03-12 03:00:00	1.09306	1.09322	1.09284	1.09286	4873	3
2024-03-12 04:00:00	1.09286	1.09343	1.09267	1.09337	5418	2
2024-03-12 05:00:00	1.09337	1.09363	1.09302	1.09362	6061	2
2024-03-12 06:00:00	1.09362	1.09381	1.0934	1.09363	3038	2
2024-03-12 07:00:00	1.09362	1.09381	1.09346	1.09368	4303	2
2024-03-12 08:00:00	1.09369	1.09391	1.09366	1.09383	5771	2
2024-03-12 09:00:00	1.09383	1.09391	1.09342	1.09379	5678	3
2024-03-12 10:00:00	1.09379	1.09393	1.09315	1.09319	8776	2
2024-03-12 11:00:00	1.09318	1.09334	1.09212	1.09248	12142	2
2024-03-12 12:00:00	1.09247	1.09334	1.09231	1.09303	7496	2
2024-03-12 13:00:00	1.09302	1.09343	1.09266	1.09339	7804	2
2024-03-12 14:00:00	1.0934	1.09353	1.09318	1.09335	8604	3
2024-03-12 15:00:00	1.09334	1.09438	1.09026	1.09201	44726	2
2024-03-12 16:00:00	1.092	1.0923	1.09023	1.09107	44568	2
2024-03-12 17:00:00	1.09109	1.09194	1.09063	1.0917	22146	2
2024-03-12 18:00:00	1.09171	1.09185	1.09074	1.09176	16086	2
2024-03-12 19:00:00	1.09176	1.0919	1.09136	1.09176	14289	2
2024-03-12 20:00:00	1.09176	1.09208	1.09127	1.09192	10179	2
2024-03-12 21:00:00	1.09192	1.09246	1.09185	1.0924	8587	3
2024-03-12 22:00:00	1.0924	1.09259	1.0921	1.09257	5679	2
2024-03-12 23:00:00	1.09257	1.09273	1.0925	1.09257	2410	2
2024-03-13 00:00:00	1.09257	1.09274	1.09252	1.09258	13436	17
2024-03-13 01:00:00	1.09258	1.09287	1.09258	1.09274	1787	9
2024-03-13 02:00:00	1.09274	1.09289	1.09264	1.09267	3335	4
2024-03-13 03:00:00	1.09268	1.09295	1.09257	1.09268	8336	3
2024-03-13 04:00:00	1.09269	1.09288	1.09233	1.09238	13349	3
2024-03-13 05:00:00	1.09238	1.09275	1.09234	1.09269	8852	3
2024-03-13 06:00:00	1.09269	1.09306	1.0925	1.09278	7564	2
2024-03-13 07:00:00	1.09278	1.09281	1.0922	1.09234	9452	2
2024-03-13 08:00:00	1.09233	1.09289	1.09228	1.09286	5393	2
2024-03-13 09:00:00	1.09286	1.09292	1.09253	1.0928	6819	3
2024-03-13 10:00:00	1.09279	1.09318	1.09207	1.09267	7751	2
2024-03-13 11:00:00	1.09267	1.09327	1.09261	1.09275	9428	2
2024-03-13 12:00:00	1.09274	1.0928	1.09201	1.09232	12857	2
2024-03-13 13:00:00	1.0923	1.09332	1.0922	1.09305	7797	2
2024-03-13 14:00:00	1.09304	1.09457	1.09301	1.0942	9248	2
2024-03-13 15:00:00	1.09421	1.09473	1.09336	1.09366	20158	2
2024-03-13 16:00:00	1.09366	1.09419	1.09359	1.09371	14166	2
2024-03-13 17:00:00	1.09372	1.09443	1.09313	1.09419	13798	2
2024-03-13 18:00:00	1.0942	1.09471	1.0938	1.09435	12323	2
2024-03-13 19:00:00	1.09434	1.09493	1.094	1.0949	12474	2
2024-03-13 20:00:00	1.0949	1.09638	1.09486	1.09571	15459	2
2024-03-13 21:00:00	1.0957	1.09584	1.09503	1.09509	9034	2
2024-03-13 22:00:00	1.09508	1.09517	1.09456	1.09472	9307	2
2024-03-13 23:00:00	1.09472	1.09491	1.0947	1.09471	2564	2
2024-03-14 00:00:00	1.0947	1.09522	1.0947	1.09489	7346	28
2024-03-14 01:00:00	1.09488	1.0951	1.09488	1.09488	1768	8
2024-03-14 02:00:00	1.0949	1.0953	1.0949	1.0953	1878	3
2024-03-14 03:00:00	1.09529	1.09547	1.0946	1.09487	5635	3
2024-03-14 04:00:00	1.09489	1.09527	1.09452	1.09488	6658	2
2024-03-14 05:00:00	1.09488	1.09498	1.0943	1.09437	3536	2
2024-03-14 06:00:00	1.09438	1.09452	1.09413	1.09422	4353	2
2024-03-14 07:00:00	1.09421	1.09427	1.09389	1.09424	4693	2
2024-03-14 08:00:00	1.09424	1.0943	1.09391	1.09395	5638	2
2024-03-14 09:00:00	1.09396	1.09419	1.0937	1.09377	6348	3
2024-03-14 10:00:00	1.09377	1.09428	1.09317	1.09352	12905	2
2024-03-14 11:00:00	1.09352	1.09439	1.09351	1.09378	13101	3
2024-03-14 12:00:00	1.09377	1.09443	1.09369	1.09413	9109	3
2024-03-14 13:00:00	1.09412	1.09454	1.09377	1.09395	8929	2
2024-03-14 14:00:00	1.09394	1.09434	1.09375	1.09414	6717	3
2024-03-14 15:00:00	1.09415	1.09447	1.09242	1.09298	28889	2
2024-03-14 16:00:00	1.09297	1.09312	1.09088	1.09118	33367	2
2024-03-14 17:00:00	1.09119	1.0914	1.08959	1.08978	20739	2
2024-03-14 18:00:00	1.08977	1.08994	1.08829	1.08876	17057	2
2024-03-14 19:00:00	1.08876	1.08926	1.08846	1.0887	12658	2
2024-03-14 20:00:00	1.0887	1.08889	1.0881	1.08864	8885	2
2024-03-14 21:00:00	1.08864	1.08899	1.08837	1.08851	9286	2
2024-03-14 22:00:00	1.0885	1.08911	1.08806	1.0891	8959	2
2024-03-14 23:00:00	1.0891	1.08918	1.08825	1.08825	3537	2
2024-03-15 00:00:00	1.08825	1.08853	1.08817	1.0885	15486	13
2024-03-15 01:00:00	1.08851	1.08859	1.08831	1.08839	1488	9
2024-03-15 02:00:00	1.0884	1.08849	1.08825	1.08827	2920	4
2024-03-15 03:00:00	1.08828	1.08845	1.0876	1.08779	8382	2
2024-03-15 04:00:00	1.08778	1.08801	1.08755	1.08769	5633	2
2024-03-15 05:00:00	1.08769	1.08769	1.0873	1.08732	4408	3
2024-03-15 06:00:00	1.08731	1.08781	1.08731	1.08769	3363	2
2024-03-15 07:00:00	1.08768	1.08772	1.08748	1.08763	4203	2
2024-03-15 08:00:00	1.08763	1.08772	1.08732	1.08768	3816	2
2024-03-15 09:00:00	1.08769	1.08806	1.08754	1.08797	6505	3
2024-03-15 10:00:00	1.08797	1.08847	1.08785	1.08808	7814	2
2024-03-15 11:00:00	1.08807	1.08869	1.0878	1.08828	11040	3
2024-03-15 12:00:00	1.08827	1.08995	1.08825	1.0898	9672	3
2024-03-15 13:00:00	1.0898	1.08996	1.08891	1.08911	9016	2
2024-03-15 14:00:00	1.08909	1.08963	1.08869	1.08935	5766	2
2024-03-15 15:00:00	1.08935	1.08942	1.08843	1.08873	17114	2
2024-03-15 16:00:00	1.08872	1.08948	1.08832	1.0886	17277	2
2024-03-15 17:00:00	1.0886	1.08943	1.08842	1.08878	19503	4
2024-03-15 18:00:00	1.0888	1.08889	1.08814	1.08876	11483	2
2024-03-15 19:00:00	1.08876	1.089	1.08836	1.08858	10598	2
2024-03-15 20:00:00	1.08859	1.08878	1.08834	1.08837	8026	2
2024-03-15 21:00:00	1.08836	1.0891	1.08836	1.08903	6354	2
2024-03-15 22:00:00	1.08902	1.08913	1.08869	1.08892	7540	2
2024-03-15 23:00:00	1.08892	1.08899	1.08861	1.08869	5215	3
2024-03-18 00:00:00	1.08905	1.08905	1.08819	1.08886	861	25
2024-03-18 01:00:00	1.08885	1.08911	1.0886	1.08864	2457	19
2024-03-18 02:00:00	1.08865	1.08865	1.08817	1.08835	4126	3
2024-03-18 03:00:00	1.08836	1.08881	1.08805	1.08852	5301	3
2024-03-18 04:00:00	1.08852	1.089	1.08829	1.08891	7142	2
2024-03-18 05:00:00	1.08892	1.08917	1.08876	1.08891	6432	3
2024-03-18 06:00:00	1.08891	1.08905	1.08852	1.08854	3918	2
2024-03-18 07:00:00	1.08853	1.08881	1.08853	1.08875	4342	2
2024-03-18 08:00:00	1.08875	1.08886	1.08852	1.0887	4122	2
2024-03-18 09:00:00	1.08871	1.08893	1.08865	1.08888	4836	2
2024-03-18 10:00:00	1.08889	1.08965	1.08887	1.08924	6902	2
2024-03-18 11:00:00	1.08922	1.08977	1.08908	1.08937	12661	2
2024-03-18 12:00:00	1.08937	1.09005	1.08925	1.08992	5368	2
2024-03-18 13:00:00	1.08994	1.09018	1.08963	1.08998	6065	2
2024-03-18 14:00:00	1.08997	1.09061	1.08988	1.09024	4670	2
2024-03-18 15:00:00	1.09023	1.09049	1.08898	1.08922	8887	2
2024-03-18 16:00:00	1.08922	1.08935	1.08855	1.0889	9403	2
2024-03-18 17:00:00	1.08889	1.08932	1.08843	1.08856	10801	3
2024-03-18 18:00:00	1.08855	1.08888	1.0881	1.08853	10172	2
2024-03-18 19:00:00	1.08853	1.08853	1.08694	1.08723	11233	1
2024-03-18 20:00:00	1.08727	1.0875	1.08661	1.08685	5967	2
2024-03-18 21:00:00	1.08689	1.08711	1.08673	1.0871	3371	2
2024-03-18 22:00:00	1.08709	1.08733	1.08676	1.08693	5244	2
2024-03-18 23:00:00	1.08692	1.08723	1.08691	1.08719	2187	2
2024-03-19 00:00:00	1.08718	1.08734	1.08712	1.08725	4418	15
2024-03-19 01:00:00	1.08726	1.08739	1.08711	1.08718	1514	10
2024-03-19 02:00:00	1.08718	1.08733	1.08711	1.08732	2397	4
2024-03-19 03:00:00	1.08732	1.08745	1.08691	1.08693	4824	3
2024-03-19 04:00:00	1.08694	1.08717	1.08667	1.08681	6509	2
2024-03-19 05:00:00	1.08682	1.08746	1.08682	1.08733	4132	2
2024-03-19 06:00:00	1.08732	1.08763	1.087	1.08738	10065	3
2024-03-19 07:00:00	1.08739	1.08765	1.08673	1.08706	7947	2
2024-03-19 08:00:00	1.08706	1.08721	1.08628	1.08641	6488	2
2024-03-19 09:00:00	1.08642	1.08684	1.08619	1.08675	8966	2
2024-03-19 10:00:00	1.08675	1.08675	1.08516	1.08547	9432	2
2024-03-19 11:00:00	1.08546	1.08561	1.08423	1.08475	9995	2
2024-03-19 12:00:00	1.08476	1.08501	1.08347	1.08366	7119	2
2024-03-19 13:00:00	1.08367	1.08458	1.08367	1.08443	7949	3
2024-03-19 14:00:00	1.08443	1.08516	1.08429	1.08503	3559	3
2024-03-19 15:00:00	1.08504	1.0856	1.08457	1.08515	16063	2
2024-03-19 16:00:00	1.08515	1.08572	1.08493	1.08541	15244	3
2024-03-19 17:00:00	1.08541	1.08654	1.08536	1.08623	12935	2
2024-03-19 18:00:00	1.08622	1.08622	1.08533	1.08584	10800	2
2024-03-19 19:00:00	1.08584	1.08639	1.08545	1.08633	9890	2
2024-03-19 20:00:00	1.08634	1.08676	1.08597	1.08635	7713	2
2024-03-19 21:00:00	1.08634	1.08651	1.08613	1.08625	4687	2
2024-03-19 22:00:00	1.08625	1.08656	1.08609	1.08648	4232	2
2024-03-19 23:00:00	1.08647	1.08664	1.0864	1.08651	3536	2
2024-03-20 00:00:00	1.08648	1.0867	1.08619	1.08649	9761	21
2024-03-20 01:00:00	1.08653	1.08664	1.08643	1.08653	1239	11
2024-03-20 02:00:00	1.08654	1.08664	1.08616	1.08616	3204	3
2024-03-20 03:00:00	1.08617	1.0865	1.08582	1.08644	7283	2
2024-03-20 04:00:00	1.08644	1.08657	1.08622	1.08642	5301	2
2024-03-20 05:00:00	1.08642	1.08693	1.08627	1.08688	3118	2
2024-03-20 06:00:00	1.0869	1.08711	1.08677	1.08699	3439	3
2024-03-20 07:00:00	1.08699	1.08704	1.08663	1.08665	4985	3
2024-03-20 08:00:00	1.08666	1.08683	1.08653	1.08658	3282	3
2024-03-20 09:00:00	1.08657	1.08704	1.0865	1.08701	3673	2
2024-03-20 10:00:00	1.08702	1.0872	1.08648	1.08655	8256	3
2024-03-20 11:00:00	1.08654	1.08654	1.085	1.08522	8376	2
2024-03-20 12:00:00	1.08521	1.08523	1.08364	1.0839	10186	2
2024-03-20 13:00:00	1.0839	1.08428	1.08365	1.08395	7042	2
2024-03-20 14:00:00	1.08396	1.08437	1.0837	1.08425	5407	2
2024-03-20 15:00:00	1.08427	1.08449	1.08379	1.08422	7832	2
2024-03-20 16:00:00	1.08423	1.08455	1.08373	1.08445	8200	2
2024-03-20 17:00:00	1.08447	1.08513	1.08435	1.08496	7547	2
2024-03-20 18:00:00	1.08497	1.08561	1.08487	1.08546	6746	2
2024-03-20 19:00:00	1.08546	1.08611	1.08535	1.08606	5180	2
2024-03-20 20:00:00	1.08606	1.08669	1.08586	1.08645	6544	2
2024-03-20 21:00:00	1.08645	1.09175	1.08639	1.09144	64125	6
2024-03-20 22:00:00	1.09145	1.09227	1.09018	1.09209	22841	2
2024-03-20 23:00:00	1.09209	1.09228	1.09187	1.09214	6255	3
2024-03-21 00:00:00	1.09214	1.09229	1.09179	1.09206	8405	25
2024-03-21 01:00:00	1.09206	1.09323	1.09203	1.09321	3503	11
2024-03-21 02:00:00	1.0932	1.09374	1.09293	1.09373	4429	3
2024-03-21 03:00:00	1.09373	1.09373	1.09307	1.09333	9133	2
2024-03-21 04:00:00	1.09334	1.09389	1.09332	1.09352	5564	2
2024-03-21 05:00:00	1.09351	1.09372	1.09326	1.09353	3282	3
2024-03-21 06:00:00	1.09352	1.09369	1.09335	1.0935	3042	2
2024-03-21 07:00:00	1.09349	1.09354	1.09327	1.09331	2810	3
2024-03-21 08:00:00	1.09331	1.09368	1.09316	1.09317	3518	3
2024-03-21 09:00:00	1.09316	1.09381	1.09316	1.09376	3298	2
2024-03-21 10:00:00	1.09377	1.09426	1.09256	1.09287	8495	2
2024-03-21 11:00:00	1.09283	1.09284	1.08872	1.08915	19297	2
2024-03-21 12:00:00	1.0892	1.09147	1.0889	1.09129	12346	3
2024-03-21 13:00:00	1.0913	1.09237	1.09123	1.09192	9384	2
2024-03-21 14:00:00	1.09193	1.09203	1.09049	1.09096	7249	3
2024-03-21 15:00:00	1.09097	1.0917	1.09035	1.09115	15641	2
2024-03-21 16:00:00	1.09115	1.09116	1.08837	1.08857	17419	2
2024-03-21 17:00:00	1.08854	1.0886	1.08706	1.08787	17724	3
2024-03-21 18:00:00	1.08788	1.08791	1.08556	1.08604	12731	2
2024-03-21 19:00:00	1.08603	1.08646	1.0858	1.08608	10222	2
2024-03-21 20:00:00	1.0861	1.08661	1.08561	1.08577	6763	3
2024-03-21 21:00:00	1.08579	1.0863	1.08572	1.08623	3521	2
2024-03-21 22:00:00	1.08622	1.08627	1.08554	1.08567	4618	2
2024-03-21 23:00:00	1.08567	1.08603	1.08566	1.08594	2245	2
2024-03-22 00:00:00	1.08593	1.0862	1.08585	1.08605	5501	21
2024-03-22 01:00:00	1.08609	1.08622	1.08603	1.08618	1402	12
2024-03-22 02:00:00	1.08617	1.08628	1.08606	1.08618	1975	3
2024-03-22 03:00:00	1.08622	1.08679	1.08622	1.08651	5122	3
2024-03-22 04:00:00	1.08651	1.08657	1.085	1.08504	9275	2
2024-03-22 05:00:00	1.08504	1.08523	1.08388	1.0839	11723	3
2024-03-22 06:00:00	1.08389	1.08413	1.08359	1.08379	4617	2
2024-03-22 07:00:00	1.08379	1.08379	1.08311	1.08332	4418	2
2024-03-22 08:00:00	1.08332	1.08419	1.08332	1.08415	5166	3
2024-03-22 09:00:00	1.08413	1.08413	1.0827	1.08302	7642	3
2024-03-22 10:00:00	1.08302	1.08345	1.08209	1.08246	11426	3
2024-03-22 11:00:00	1.08246	1.08294	1.08081	1.08114	12243	3
2024-03-22 12:00:00	1.08117	1.08232	1.08116	1.08161	9792	4
2024-03-22 13:00:00	1.08162	1.08215	1.08145	1.08163	7734	3
2024-03-22 14:00:00	1.08163	1.08223	1.08115	1.0816	4598	2
2024-03-22 15:00:00	1.08162	1.08311	1.08145	1.08263	12549	3
2024-03-22 16:00:00	1.08264	1.08297	1.08184	1.08295	17780	3
2024-03-22 17:00:00	1.08297	1.08317	1.08147	1.08149	15202	2
2024-03-22 18:00:00	1.08148	1.08217	1.08104	1.08158	10919	2
2024-03-22 19:00:00	1.08157	1.0817	1.08057	1.08058	10580	2